Year,Month,FellowName,CenterName,Total_Number_OoSC_and_Out_Of_School_Children_Identified,Total_Number_OoSC_and_Out_Of_Children_Enrolled_In_Learning_Center,The_Total_Classes_Conducted_this_month,Hindi,English,EVS,Math,Number_of_the_Students_attended_classes_regularly_More_than_80_attendance,Number_of_exposure_visits_sessions_done,Number_of_Sessions_Visits_Meetings_on_vision_setting_reflection_and_selfawareness,Number_of_training_on_classroom_intervention_behaviour_management_cycle_and_culture_Values,Number_of_community_visits_made_to_identify_and_understand_local_problems,Number_of_Community_event_organised_to_mobilize_stakeholders,Number_of_parents_attended_workshops_training_PTM_SMC,Number_of_parents_joined_participated_in_awareness_drives_and_campaigns,Number_of_community_members_attended_community_events_and_program_organized_for_mobilization,Number_of_parents_visited_Anubhuti_learning_centers,Number_of_parents_had_one_on_one_conversations_with_fellows_during_the_field_visit,Thank_You_for_Filling_the_Form_Please_Rate_you_experience_or_day,Location
2021,January,"Amisha, Rajput",GPS Palra,17,6,88,17,10,12,19,20,8,12,1,11,5,19,9,19,6,15,1,Gurugram - Sohna Block
2018,February,"Amisha, Rajput",GGPS Badshahpur,17,5,51,11,17,7,20,43,1,5,3,15,9,24,2,13,1,19,4,Gurugram - Sohna Block
2019,March,"Amisha, Rajput",GGPS Badshahpur,22,12,73,20,5,6,14,63,6,11,12,3,1,3,20,13,25,21,2,Gurugram - Sohna Block
2019,April,"Amisha, Rajput",GGPS Badshahpur,18,11,106,7,19,18,19,92,3,2,4,14,10,2,4,7,17,13,1,Gurugram - Sohna Block
2021,May,"Amisha, Rajput",GPS Sohna,20,5,52,11,4,10,5,75,4,10,14,12,11,22,18,5,10,19,2,Gurugram - Sohna Block
2021,June,"Amisha, Rajput",GGPS Badshahpur,23,21,107,11,10,6,4,90,4,5,4,9,4,23,17,5,14,9,4,Gurugram - Sohna Block
2021,July,"Amisha, Rajput",GPS Nayagaon,19,12,76,8,11,15,3,31,0,3,6,14,4,24,1,13,2,16,1,Gurugram - Sohna Block
2018,August,"Amisha, Rajput",GGPS Sohna - 1,22,10,62,18,19,8,2,73,13,7,12,3,3,22,7,24,14,12,5,Gurugram - Sohna Block
2021,September,"Amisha, Rajput",GPS Palra,16,8,115,3,11,10,5,69,14,5,12,9,6,6,7,14,11,22,2,Gurugram - Sohna Block
2021,October,"Amisha, Rajput",GGPS Badshahpur,18,9,106,8,19,17,10,71,12,15,0,3,11,14,2,21,10,21,2,Gurugram - Sohna Block
2019,November,"Amisha, Rajput",GGPS Badshahpur,15,12,75,9,8,5,13,94,7,3,7,13,13,8,17,14,8,4,4,Gurugram - Sohna Block
2021,December,"Amisha, Rajput",GGPS Badshahpur,23,14,28,6,9,8,13,20,8,1,12,5,5,11,0,23,6,3,5,Gurugram - Sohna Block
2021,January,"Priyanka, Na",GPS Sohna,16,8,42,19,17,15,10,54,2,6,8,4,14,7,15,24,24,17,5,Gurugram - Sohna Block
2020,February,"Priyanka, Na",GGPS Badshahpur,19,6,113,6,3,10,20,31,2,9,5,5,3,14,18,22,14,0,5,Gurugram - Sohna Block
2020,March,"Priyanka, Na",GPS Nayagaon,20,12,78,20,17,13,13,31,8,11,5,6,12,0,11,24,5,6,1,Gurugram - Sohna Block
2018,April,"Priyanka, Na",GGPS Sohna - 1,23,13,87,20,12,18,14,68,5,5,11,14,13,8,25,12,0,1,3,Gurugram - Sohna Block
2021,May,"Priyanka, Na",GPS Palra,25,15,124,3,2,4,11,43,5,7,15,2,3,16,20,4,3,2,2,Gurugram - Sohna Block
2019,June,"Priyanka, Na",GGPS Badshahpur,24,17,73,18,6,8,15,92,12,3,10,9,9,25,10,8,24,9,1,Gurugram - Sohna Block
2018,July,"Priyanka, Na",GGPS Badshahpur,17,17,87,19,18,9,13,91,0,7,4,13,5,14,23,2,17,16,5,Gurugram - Sohna Block
2018,August,"Priyanka, Na",GGPS Badshahpur,15,15,61,5,11,9,19,89,9,0,13,0,0,2,3,4,18,20,5,Gurugram - Sohna Block
2018,September,"Priyanka, Na",GPS Sohna,21,13,57,14,10,3,5,29,15,14,6,5,11,24,15,3,25,4,5,Gurugram - Sohna Block
2019,October,"Priyanka, Na",GGPS Badshahpur,15,12,127,20,15,19,16,62,15,5,8,0,13,18,7,6,2,17,2,Gurugram - Sohna Block
2021,November,"Priyanka, Na",GPS Nayagaon,25,9,107,5,12,18,17,27,9,11,15,4,15,15,16,7,9,2,3,Gurugram - Sohna Block
2019,December,"Priyanka, Na",GGPS Sohna - 2,18,10,26,14,9,2,8,34,6,9,5,8,1,22,25,0,21,9,2,Gurugram - Sohna Block
2019,January,"Pooja, Rani",GPS Palra,15,13,63,10,11,6,15,40,0,6,4,9,12,15,18,20,17,0,4,Gurugram - Sohna Block
2021,February,"Pooja, Rani",GGPS Badshahpur,20,14,72,17,15,6,10,24,11,1,9,11,4,22,10,22,16,11,3,Gurugram - Sohna Block
2019,March,"Pooja, Rani",GGPS Badshahpur,19,11,67,3,15,16,5,37,14,9,8,8,2,3,19,17,0,23,1,Gurugram - Sohna Block
2018,April,"Pooja, Rani",GGPS Badshahpur,21,12,113,7,12,8,19,45,0,7,2,9,15,13,12,25,17,5,2,Gurugram - Sohna Block
2020,May,"Pooja, Rani",GPS Sohna,18,12,31,11,8,14,17,36,8,13,6,1,13,22,14,25,16,0,3,Gurugram - Sohna Block
2018,June,"Pooja, Rani",GGPS Badshahpur,22,12,75,8,9,10,18,61,3,11,13,10,8,4,23,18,23,15,5,Gurugram - Sohna Block
2018,July,"Pooja, Rani",GPS Nayagaon,20,18,56,6,15,5,9,89,1,2,15,13,2,19,20,5,4,20,3,Gurugram - Sohna Block
2020,August,"Pooja, Rani",GGPS Sohna - 3,25,17,107,13,20,16,10,85,13,2,15,10,0,5,24,0,13,25,4,Gurugram - Sohna Block
2021,September,"Pooja, Rani",GPS Palra,22,15,74,9,8,4,13,61,13,11,0,7,11,22,8,22,5,25,1,Gurugram - Sohna Block
2020,October,"Pooja, Rani",GGPS Badshahpur,23,5,25,10,7,15,18,32,14,4,2,4,0,8,1,3,19,23,2,Gurugram - Sohna Block
2020,November,"Pooja, Rani",GGPS Badshahpur,23,17,113,9,11,9,6,96,4,14,1,15,1,22,6,20,15,20,1,Gurugram - Sohna Block
2020,December,"Pooja, Rani",GGPS Badshahpur,18,18,29,20,5,3,4,73,14,4,3,13,9,18,23,0,13,22,4,Gurugram - Sohna Block
2019,January,"Kavita, Kumari",GPS Sohna,17,12,51,3,4,10,20,87,13,0,6,5,10,22,19,23,2,5,1,Gurugram - Sohna Block
2021,February,"Kavita, Kumari",GGPS Badshahpur,23,10,87,15,12,7,18,37,9,13,10,6,15,10,18,16,21,6,1,Gurugram - Sohna Block
2021,March,"Kavita, Kumari",GPS Nayagaon,25,6,113,4,10,8,3,92,8,9,1,5,12,9,0,25,19,18,2,Gurugram - Sohna Block
2020,April,"Kavita, Kumari",GGPS Sohna - 4,20,6,107,20,9,16,8,41,13,15,3,2,2,1,6,23,8,7,5,Gurugram - Sohna Block
2018,May,"Kavita, Kumari",GPS Palra,22,12,52,15,5,2,17,51,2,13,8,12,14,23,17,16,14,18,5,Gurugram - Sohna Block
2018,June,"Kavita, Kumari",GGPS Badshahpur,16,14,84,6,18,14,6,86,7,8,6,0,5,16,0,0,13,8,5,Gurugram - Sohna Block
2018,July,"Kavita, Kumari",GGPS Badshahpur,19,5,120,18,18,11,20,52,10,9,4,11,11,23,22,11,0,24,5,Gurugram - Sohna Block
2018,August,"Kavita, Kumari",GGPS Badshahpur,15,6,74,7,8,6,13,22,1,11,10,2,15,3,1,14,1,11,1,Gurugram - Sohna Block
2021,September,"Kavita, Kumari",GPS Sohna,19,11,60,6,10,6,17,91,0,9,7,0,8,12,20,4,1,2,2,Gurugram - Sohna Block
2021,October,"Kavita, Kumari",GGPS Badshahpur,20,11,58,7,2,2,5,30,5,12,3,7,6,25,13,21,6,8,3,Gurugram - Sohna Block
2020,November,"Kavita, Kumari",GPS Nayagaon,22,16,118,19,11,4,10,65,8,6,15,14,11,16,0,22,15,9,3,Gurugram - Sohna Block
2018,December,"Kavita, Kumari",GGPS Sohna - 5,22,10,84,13,19,20,6,98,14,4,5,3,3,24,17,16,14,19,3,Gurugram - Sohna Block
2019,January,"Sapna, Sapna",GPS Palra,15,6,80,4,7,11,20,70,11,1,15,4,4,8,0,11,25,24,1,Gurugram - Sohna Block
2020,February,"Sapna, Sapna",GGPS Badshahpur,25,21,128,20,20,13,14,87,0,11,15,13,1,9,21,12,3,21,4,Gurugram - Sohna Block
2021,March,"Sapna, Sapna",GGPS Badshahpur,23,10,75,2,7,8,10,49,4,1,7,12,13,8,11,8,19,1,2,Gurugram - Sohna Block
2019,April,"Sapna, Sapna",GGPS Badshahpur,16,7,99,18,6,7,16,25,12,15,15,2,3,20,23,16,25,8,3,Gurugram - Sohna Block
2018,May,"Sapna, Sapna",GPS Sohna,21,18,66,5,4,16,12,55,9,11,2,14,7,12,23,9,5,19,4,Gurugram - Sohna Block
2018,June,"Sapna, Sapna",GGPS Badshahpur,22,12,21,6,19,8,15,42,15,3,1,9,4,12,11,23,14,8,4,Gurugram - Sohna Block
2019,July,"Sapna, Sapna",GPS Nayagaon,22,18,100,10,2,18,7,45,14,1,12,14,1,13,12,7,6,6,5,Gurugram - Sohna Block
2021,August,"Sapna, Sapna",GGPS Sohna - 6,20,19,32,20,19,20,9,38,3,1,6,9,9,23,25,22,12,4,1,Gurugram - Sohna Block
2020,September,"Sapna, Sapna",GPS Palra,23,20,126,14,10,5,20,25,5,15,15,3,9,23,10,13,2,0,3,Gurugram - Sohna Block
2018,October,"Sapna, Sapna",GGPS Badshahpur,19,17,105,9,17,19,6,92,3,13,3,4,1,2,3,0,5,3,2,Gurugram - Sohna Block
2021,November,"Sapna, Sapna",GGPS Badshahpur,20,14,98,18,10,13,16,84,2,10,10,2,15,4,14,10,17,21,1,Gurugram - Sohna Block
2019,December,"Sapna, Sapna",GGPS Badshahpur,19,7,70,18,11,18,7,79,6,13,0,10,12,17,9,2,21,7,3,Gurugram - Sohna Block
2020,January,"Priyanka, Azad",GPS Sohna,18,6,37,8,20,13,5,71,13,12,6,3,15,5,24,15,17,20,2,Gurugram - Sohna Block
2018,February,"Priyanka, Azad",GGPS Badshahpur,16,11,26,6,17,18,19,65,9,7,3,3,5,7,2,13,5,25,5,Gurugram - Sohna Block
2021,March,"Priyanka, Azad",GPS Nayagaon,16,7,22,12,8,8,5,49,8,10,2,8,14,22,9,23,5,24,3,Gurugram - Sohna Block
2018,April,"Priyanka, Azad",GGPS Sohna - 7,24,12,67,14,3,16,19,99,0,7,4,4,10,7,7,15,4,19,4,Gurugram - Sohna Block
2019,May,"Priyanka, Azad",GPS Palra,21,17,72,15,15,7,17,51,4,0,11,15,7,25,2,11,4,17,1,Gurugram - Sohna Block
2019,June,"Priyanka, Azad",GGPS Badshahpur,25,22,42,12,16,19,12,53,1,4,12,12,15,17,20,21,17,2,2,Gurugram - Sohna Block
2018,July,"Priyanka, Azad",GGPS Badshahpur,18,11,30,6,10,10,20,27,15,14,10,9,11,16,15,3,1,10,4,Gurugram - Sohna Block
2018,August,"Priyanka, Azad",GGPS Badshahpur,25,7,106,10,10,2,19,73,4,4,1,13,4,11,18,24,23,0,1,Gurugram - Sohna Block
2020,September,"Priyanka, Azad",GPS Sohna,23,6,116,3,11,18,9,55,1,0,1,0,5,8,3,17,21,12,5,Gurugram - Sohna Block
2020,October,"Priyanka, Azad",GGPS Badshahpur,18,11,126,11,10,9,13,98,4,9,0,4,1,11,24,25,12,9,2,Gurugram - Sohna Block
2018,November,"Priyanka, Azad",GPS Nayagaon,22,20,93,9,10,19,4,84,2,3,14,13,3,23,22,2,0,7,3,Gurugram - Sohna Block
2021,December,"Priyanka, Azad",GGPS Sohna - 8,15,14,67,8,12,2,18,23,7,0,12,12,13,7,14,10,4,5,2,Gurugram - Sohna Block
2018,January,"Kirti, Devi",GPS Palra,22,6,62,9,7,15,20,25,13,2,0,3,1,20,7,14,25,17,5,Gurugram - Sohna Block
2021,February,"Kirti, Devi",GGPS Badshahpur,16,12,106,5,9,13,14,35,3,13,14,0,13,21,0,14,3,11,4,Gurugram - Sohna Block
2019,March,"Kirti, Devi",GGPS Badshahpur,23,7,75,20,4,20,3,73,7,7,11,13,11,24,0,19,6,14,4,Gurugram - Sohna Block
2018,April,"Kirti, Devi",GPS Palra,19,19,111,8,4,12,4,36,1,5,7,12,5,23,1,18,6,11,5,Gurugram - Sohna Block
2018,May,"Kirti, Devi",GGPS Badshahpur,25,8,61,19,11,12,2,88,2,8,12,0,11,6,16,18,16,9,4,Gurugram - Sohna Block
2021,June,"Kirti, Devi",GGPS Badshahpur,20,18,97,2,5,12,5,80,11,0,11,8,0,12,19,8,22,11,3,Gurugram - Sohna Block
2018,July,"Kirti, Devi",GGPS Badshahpur,17,14,58,2,17,20,15,36,14,8,10,5,4,23,8,19,3,12,2,Gurugram - Sohna Block
2021,August,"Kirti, Devi",GPS Sohna,22,18,90,5,3,17,12,65,0,7,8,2,4,5,0,21,18,9,4,Gurugram - Sohna Block
2018,September,"Kirti, Devi",GGPS Badshahpur,16,8,91,20,3,4,3,62,10,11,7,11,5,21,9,8,18,6,2,Gurugram - Sohna Block
2018,October,"Kirti, Devi",GPS Nayagaon,16,6,40,7,19,17,6,29,1,11,14,2,1,16,0,17,6,18,1,Gurugram - Sohna Block
2020,November,"Kirti, Devi",GGPS Sohna - 2,21,14,120,8,10,17,19,61,4,4,4,3,5,21,0,12,1,12,3,Gurugram - Sohna Block
2021,December,"Kirti, Devi",GPS Palra,24,11,81,19,18,13,6,48,15,0,0,4,14,3,13,15,21,6,5,Gurugram - Sohna Block
2018,January,"Amrita, Yadav",GGPS Badshahpur,20,11,35,16,4,18,9,61,13,13,9,5,10,18,15,14,19,20,1,Gurugram - Sohna Block
2019,February,"Amrita, Yadav",GGPS Badshahpur,25,7,119,20,6,7,15,75,0,4,9,0,14,13,1,0,21,11,3,Gurugram - Sohna Block
2019,March,"Amrita, Yadav",GGPS Badshahpur,17,9,111,9,8,12,8,68,3,13,5,0,8,20,16,24,16,3,2,Gurugram - Sohna Block
2020,April,"Amrita, Yadav",GPS Sohna,18,12,109,3,10,20,18,70,0,7,0,7,15,10,25,0,10,10,5,Gurugram - Sohna Block
2019,May,"Amrita, Yadav",GGPS Badshahpur,24,11,79,17,18,3,2,61,2,11,10,12,7,5,10,9,15,9,5,Gurugram - Sohna Block
2020,June,"Amrita, Yadav",GPS Nayagaon,24,18,93,15,3,7,7,42,11,7,9,3,8,13,22,2,19,17,2,Gurugram - Sohna Block
2020,July,"Amrita, Yadav",GGPS Sohna - 3,20,15,73,7,3,13,18,97,0,7,13,4,1,19,0,19,8,7,2,Gurugram - Sohna Block
2020,August,"Amrita, Yadav",GPS Palra,23,15,116,8,5,4,13,99,8,13,2,6,0,5,14,4,5,10,3,Gurugram - Sohna Block
2019,September,"Amrita, Yadav",GGPS Badshahpur,17,5,49,15,9,17,7,88,15,7,7,10,6,10,14,21,2,5,1,Gurugram - Sohna Block
2019,October,"Amrita, Yadav",GGPS Badshahpur,20,18,92,10,19,17,6,42,10,4,8,3,7,8,25,9,1,20,1,Gurugram - Sohna Block
2020,November,"Amrita, Yadav",GGPS Badshahpur,20,7,98,11,15,20,11,79,5,2,6,0,3,9,16,24,25,2,4,Gurugram - Sohna Block
2018,December,"Amrita, Yadav",GPS Sohna,17,11,106,17,13,16,5,97,2,5,4,3,13,1,3,23,6,7,2,Gurugram - Sohna Block
2019,January,"Neetu, Gautam",GGPS Badshahpur,22,21,81,11,19,13,2,80,1,0,2,14,2,3,4,1,8,24,2,Gurugram - Sohna Block
2021,February,"Neetu, Gautam",GPS Nayagaon,25,20,127,2,14,13,9,36,11,5,13,12,5,1,14,6,11,0,2,Gurugram - Sohna Block
2020,March,"Neetu, Gautam",GGPS Sohna - 4,17,16,122,14,19,4,3,89,15,0,14,14,3,1,5,24,13,2,3,Gurugram - Sohna Block
2018,April,"Neetu, Gautam",GPS Palra,22,22,51,5,13,2,16,28,1,13,10,10,15,18,23,8,17,5,4,Gurugram - Sohna Block
2018,May,"Neetu, Gautam",GGPS Badshahpur,16,14,125,7,12,20,16,95,5,11,10,4,0,23,16,12,24,11,3,Gurugram - Sohna Block
2019,June,"Neetu, Gautam",GGPS Badshahpur,20,19,96,2,16,6,3,48,13,13,4,2,12,7,6,3,19,13,5,Gurugram - Sohna Block
2019,July,"Neetu, Gautam",GGPS Badshahpur,18,16,73,11,15,2,14,65,14,9,11,6,3,2,20,1,0,17,1,Gurugram - Sohna Block
2019,August,"Neetu, Gautam",GPS Sohna,17,10,20,6,14,3,15,35,15,15,13,7,7,18,4,25,14,4,5,Gurugram - Sohna Block
2018,September,"Neetu, Gautam",GGPS Badshahpur,20,16,51,14,4,11,19,68,9,8,5,11,6,13,15,22,6,7,3,Gurugram - Sohna Block
2018,October,"Neetu, Gautam",GPS Nayagaon,16,15,111,19,10,16,5,36,15,2,12,15,1,10,10,16,19,10,5,Gurugram - Sohna Block
2018,November,"Neetu, Gautam",GGPS Sohna - 5,19,5,87,6,8,14,4,82,0,5,12,12,9,0,1,14,4,20,3,Gurugram - Sohna Block
2018,December,"Neetu, Gautam",GPS Palra,19,14,128,9,11,2,16,47,4,8,11,14,13,7,25,24,18,20,5,Gurugram - Sohna Block
2021,January,"Shalu, Neelam",GGPS Badshahpur,16,6,86,8,20,16,13,26,13,15,12,13,7,5,16,1,25,5,2,Gurugram - Sohna Block
2020,February,"Shalu, Neelam",GGPS Badshahpur,16,12,61,10,8,16,10,34,9,4,8,5,6,2,11,17,1,6,2,Gurugram - Sohna Block
2019,March,"Shalu, Neelam",GGPS Badshahpur,19,5,27,11,3,6,14,27,4,13,13,10,11,23,0,11,22,19,5,Gurugram - Sohna Block
2020,April,"Shalu, Neelam",GPS Sohna,18,14,75,11,20,8,12,39,14,3,2,12,7,5,2,21,3,17,3,Gurugram - Sohna Block
2018,May,"Shalu, Neelam",GGPS Badshahpur,24,17,79,16,18,16,17,47,5,4,12,0,11,22,15,4,5,24,3,Gurugram - Sohna Block
2018,June,"Shalu, Neelam",GPS Nayagaon,16,6,49,9,9,16,11,79,12,7,9,6,6,23,0,21,21,21,3,Gurugram - Sohna Block
2021,July,"Shalu, Neelam",GGPS Sohna - 6,23,14,58,11,10,19,5,96,8,12,6,2,13,7,17,21,6,10,2,Gurugram - Sohna Block
2018,August,"Shalu, Neelam",GPS Palra,18,10,122,12,14,3,2,47,12,8,8,13,4,11,10,18,17,2,1,Gurugram - Sohna Block
2019,September,"Shalu, Neelam",GGPS Badshahpur,21,12,110,11,3,11,13,65,8,11,14,0,15,1,16,9,17,0,2,Gurugram - Sohna Block
2018,October,"Shalu, Neelam",GGPS Badshahpur,21,16,84,19,14,17,3,72,2,9,7,11,2,19,25,15,2,19,3,Gurugram - Sohna Block
2021,November,"Shalu, Neelam",GGPS Badshahpur,17,6,120,8,18,8,13,23,1,0,6,6,5,4,12,2,11,19,1,Gurugram - Sohna Block
2018,December,"Shalu, Neelam",GPS Sohna,16,9,47,10,15,8,10,70,0,13,0,13,12,22,10,25,12,19,4,Gurugram - Sohna Block
2018,January,"Shalu, Neelam",GGPS Badshahpur,23,11,27,7,10,11,10,27,6,2,6,0,1,4,17,6,7,3,1,Gurugram - Sohna Block
2021,February,"Shalu, Neelam",GPS Nayagaon,19,5,55,16,18,6,5,56,5,1,11,8,12,6,2,13,20,8,3,Gurugram - Sohna Block
2019,March,"Shalu, Neelam",GGPS Sohna - 7,17,15,84,10,19,16,19,37,13,3,13,4,13,9,21,1,7,7,5,Gurugram - Sohna Block
2019,April,"Shalu, Neelam",GPS Palra,21,12,62,16,5,5,17,44,1,10,7,0,12,22,10,21,15,8,2,Gurugram - Sohna Block
2019,May,"Shalu, Neelam",GGPS Badshahpur,18,11,107,12,10,12,12,27,8,12,12,12,1,22,18,14,6,13,4,Gurugram - Sohna Block
2018,June,"Shalu, Neelam",GGPS Badshahpur,16,9,90,16,18,3,12,68,11,8,3,1,8,11,3,11,23,19,5,Gurugram - Sohna Block
2018,July,"Shalu, Neelam",GGPS Badshahpur,18,9,86,4,8,2,16,27,5,5,4,11,4,21,23,1,19,15,5,Gurugram - Sohna Block
2019,August,"Shalu, Neelam",GPS Sohna,24,8,53,4,2,2,15,84,12,10,4,0,14,24,3,6,13,25,4,Gurugram - Sohna Block
2018,September,"Shalu, Neelam",GGPS Badshahpur,15,8,86,8,18,12,16,76,7,9,1,1,2,20,20,6,23,17,2,Gurugram - Sohna Block
2019,October,"Shalu, Neelam",GPS Nayagaon,16,15,31,11,15,20,20,61,5,15,1,10,8,16,7,14,19,13,1,Gurugram - Sohna Block
2019,November,"Shalu, Neelam",GGPS Sohna - 8,17,16,60,7,11,4,13,33,2,12,5,15,9,18,22,15,16,20,2,Gurugram - Sohna Block
2019,December,"Shalu, Neelam",GPS Palra,25,6,21,9,3,6,20,64,7,12,3,3,3,0,5,4,11,8,5,Gurugram - Sohna Block
2018,January,"Geeta, Sen",GGPS Badshahpur,16,12,119,8,3,3,13,98,3,8,10,4,2,6,11,20,22,2,2,Gurugram - Sohna Block
2018,February,"Geeta, Sen",GGPS Badshahpur,16,13,103,16,17,11,2,57,0,0,12,15,8,25,25,24,20,17,2,Gurugram - Sohna Block
2019,March,"Geeta, Sen",GGPS Badshahpur,23,16,85,17,17,4,14,57,14,2,8,6,11,25,4,10,9,22,2,Gurugram - Sohna Block
2020,April,"Geeta, Sen",GPS Sohna,15,15,34,16,11,14,14,21,3,0,5,1,5,0,20,8,11,22,4,Gurugram - Sohna Block
2018,May,"Geeta, Sen",GGPS Badshahpur,25,25,21,16,16,15,9,100,14,13,11,7,12,21,24,13,25,14,4,Gurugram - Sohna Block
2018,June,"Geeta, Sen",GPS Nayagaon,25,9,127,12,13,10,12,22,10,0,9,10,5,10,0,23,6,13,2,Gurugram - Sohna Block
2021,July,"Geeta, Sen",GGPS Sohna - 9,15,14,72,3,20,16,7,95,7,11,7,9,0,2,2,10,18,17,4,Gurugram - Sohna Block
2021,August,"Geeta, Sen",GPS Palra,21,7,53,17,14,11,10,96,2,6,13,8,8,2,9,1,0,9,4,Gurugram - Sohna Block
2018,September,"Geeta, Sen",GGPS Badshahpur,20,12,80,18,17,14,5,92,5,0,3,6,4,7,21,11,21,4,5,Gurugram - Sohna Block
2021,October,"Geeta, Sen",GGPS Badshahpur,23,12,89,6,20,12,14,27,13,6,15,12,14,5,19,7,21,0,3,Gurugram - Sohna Block
2018,November,"Geeta, Sen",GPS Palra,18,14,46,17,18,9,9,47,14,8,15,3,1,7,0,14,8,25,2,Gurugram - Sohna Block
2018,December,"Geeta, Sen",GGPS Badshahpur,20,13,111,13,7,7,15,30,6,7,2,4,10,19,21,7,25,11,4,Gurugram - Sohna Block
2021,January,"Sonam, Rami",GGPS Badshahpur,24,17,121,10,10,6,8,45,5,15,4,2,6,4,20,0,5,18,5,Gurugram - Sohna Block
2019,February,"Sonam, Rami",GGPS Badshahpur,19,17,78,18,15,18,13,82,15,1,1,8,15,21,24,4,19,18,5,Gurugram - Sohna Block
2019,March,"Sonam, Rami",GPS Sohna,20,9,82,5,12,18,8,79,10,12,12,13,5,4,2,12,24,10,2,Gurugram - Sohna Block
2019,April,"Sonam, Rami",GGPS Badshahpur,21,14,38,4,9,6,2,65,6,14,11,2,3,18,20,25,7,3,1,Gurugram - Sohna Block
2018,May,"Sonam, Rami",GPS Nayagaon,19,15,81,13,10,16,13,28,0,14,14,14,10,0,11,25,22,5,3,Gurugram - Sohna Block
2020,June,"Sonam, Rami",GGPS Sohna - 3,19,6,36,13,12,6,2,22,11,15,0,2,14,7,20,24,4,6,1,Gurugram - Sohna Block
2020,July,"Sonam, Rami",GPS Palra,23,8,61,20,12,14,7,28,10,6,15,13,10,21,15,2,1,7,1,Gurugram - Sohna Block
2021,August,"Sonam, Rami",GGPS Badshahpur,17,14,61,13,13,9,20,34,0,13,5,4,15,3,21,5,15,3,2,Gurugram - Sohna Block
2018,September,"Sonam, Rami",GGPS Badshahpur,15,11,123,17,20,20,17,23,13,3,12,10,1,18,24,25,16,0,1,Gurugram - Sohna Block
2020,October,"Sonam, Rami",GGPS Badshahpur,23,17,95,16,15,15,4,74,7,5,3,13,9,0,12,6,15,13,5,Gurugram - Sohna Block
2018,November,"Sonam, Rami",GPS Sohna,19,18,32,4,16,15,4,99,8,8,9,1,0,23,18,7,11,11,1,Gurugram - Sohna Block
2020,December,"Sonam, Rami",GGPS Badshahpur,25,5,114,15,17,10,10,84,2,3,15,3,4,13,7,23,13,3,1,Gurugram - Sohna Block
2021,January,"Hiral, Soni",GPS Nayagaon,24,13,80,4,16,16,19,26,2,8,14,5,4,15,8,6,25,23,5,Gurugram - Sohna Block
2018,February,"Hiral, Soni",GGPS Sohna - 4,22,7,73,5,8,7,10,92,6,2,0,13,7,24,14,17,11,17,2,Gurugram - Sohna Block
2019,March,"Hiral, Soni",GPS Palra,19,16,57,5,6,19,10,79,7,8,11,9,13,6,1,25,0,24,4,Gurugram - Sohna Block
2020,April,"Hiral, Soni",GGPS Badshahpur,25,11,27,3,2,17,4,21,11,0,0,6,6,3,22,25,4,18,1,Gurugram - Sohna Block
2018,May,"Hiral, Soni",GGPS Badshahpur,18,18,68,19,8,8,18,82,9,1,10,11,3,16,4,17,18,6,1,Gurugram - Sohna Block
2021,June,"Hiral, Soni",GGPS Badshahpur,21,5,106,2,2,6,14,81,8,1,15,14,0,8,22,2,12,23,2,Gurugram - Sohna Block
2019,July,"Hiral, Soni",GPS Sohna,17,5,84,2,8,6,10,49,10,0,6,8,10,4,23,20,0,12,4,Gurugram - Sohna Block
2018,August,"Hiral, Soni",GGPS Badshahpur,19,14,83,11,4,15,20,26,13,7,12,14,1,6,7,16,10,18,5,Gurugram - Sohna Block
2020,September,"Hiral, Soni",GPS Nayagaon,23,12,45,20,6,14,12,28,9,3,3,13,4,13,4,2,12,20,4,Gurugram - Sohna Block
2020,October,"Hiral, Soni",GGPS Sohna - 5,15,6,113,12,17,13,12,57,7,4,3,12,8,2,0,4,22,3,4,Gurugram - Sohna Block
2021,November,"Hiral, Soni",GPS Palra,15,12,105,17,5,5,10,59,5,9,9,4,6,14,6,19,3,7,4,Gurugram - Sohna Block
2018,December,"Hiral, Soni",GGPS Badshahpur,21,13,97,8,18,2,12,40,8,12,2,15,7,9,7,18,18,21,4,Gurugram - Sohna Block
2018,January,"Kiran, Mohan",GGPS Badshahpur,25,20,91,5,12,16,3,41,1,3,0,8,8,25,8,19,8,1,2,Gurugram - Sohna Block
2020,February,"Kiran, Mohan",GGPS Badshahpur,17,12,97,18,17,18,3,39,5,11,10,15,7,12,3,15,23,1,3,Gurugram - Sohna Block
2018,March,"Kiran, Mohan",GPS Sohna,15,6,27,3,12,3,9,60,11,12,4,10,1,5,3,25,24,18,4,Gurugram - Sohna Block
2021,April,"Kiran, Mohan",GGPS Badshahpur,19,19,59,2,19,12,17,67,4,12,14,10,7,2,11,13,20,7,2,Gurugram - Sohna Block
2021,May,"Kiran, Mohan",GPS Nayagaon,20,6,81,17,9,3,8,53,13,3,11,6,1,15,24,23,14,20,3,Gurugram - Sohna Block
2021,June,"Kiran, Mohan",GGPS Sohna - 6,19,19,102,3,11,10,5,77,14,7,14,8,14,7,10,1,11,17,5,Gurugram - Sohna Block
2020,July,"Kiran, Mohan",GPS Palra,16,14,122,7,4,14,2,93,9,9,9,6,14,5,3,16,1,4,2,Gurugram - Sohna Block
2019,August,"Kiran, Mohan",GGPS Badshahpur,20,7,35,20,19,17,10,99,2,0,5,3,7,12,22,6,7,15,5,Gurugram - Sohna Block
2018,September,"Kiran, Mohan",GGPS Badshahpur,23,14,32,17,11,16,6,33,2,7,11,6,9,10,22,25,21,16,4,Gurugram - Sohna Block
2018,October,"Kiran, Mohan",GGPS Badshahpur,24,13,80,15,14,3,17,35,2,13,2,9,11,0,9,5,14,25,3,Gurugram - Sohna Block
2020,November,"Kiran, Mohan",GPS Sohna,20,10,64,17,5,17,13,97,14,11,6,3,13,6,24,17,8,12,3,Gurugram - Sohna Block
2019,December,"Kiran, Mohan",GGPS Badshahpur,16,7,44,6,10,2,17,85,14,7,12,3,4,4,3,8,17,18,2,Gurugram - Sohna Block
2020,January,"Mohini, Ahuja",GPS Nayagaon,22,19,21,19,8,10,5,77,13,11,14,3,8,18,21,14,10,15,2,Gurugram - Sohna Block
2021,February,"Mohini, Ahuja",GGPS Sohna - 7,19,9,91,9,9,20,9,92,4,6,9,2,8,2,2,7,8,14,2,Gurugram - Sohna Block
2018,March,"Mohini, Ahuja",GPS Palra,23,21,39,13,12,11,9,93,3,12,3,1,8,0,1,18,5,0,5,Gurugram - Sohna Block
2019,April,"Mohini, Ahuja",GGPS Badshahpur,16,16,74,2,2,12,6,50,6,0,15,4,15,19,18,13,3,1,2,Gurugram - Sohna Block
2019,May,"Mohini, Ahuja",GGPS Badshahpur,17,11,46,20,17,17,10,53,6,2,14,12,13,3,6,4,23,22,3,Gurugram - Sohna Block
2019,June,"Mohini, Ahuja",GGPS Badshahpur,16,15,130,9,8,7,12,24,13,5,12,3,1,1,24,19,22,25,2,Gurugram - Sohna Block
2021,July,"Mohini, Ahuja",GPS Sohna,17,5,68,7,6,15,20,69,15,0,6,5,4,10,3,12,12,2,2,Gurugram - Sohna Block
2018,August,"Mohini, Ahuja",GGPS Badshahpur,24,23,77,8,18,6,5,92,7,11,1,4,5,20,2,9,10,20,1,Gurugram - Sohna Block
2020,September,"Mohini, Ahuja",GPS Nayagaon,15,8,90,18,5,10,19,37,10,2,3,3,12,7,22,22,7,0,3,Gurugram - Sohna Block
2020,October,"Mohini, Ahuja",GGPS Sohna - 8,17,14,39,6,14,13,5,52,15,1,0,1,3,3,21,7,14,18,4,Gurugram - Sohna Block
2018,November,"Mohini, Ahuja",GPS Palra,16,15,126,4,6,13,9,23,5,6,4,13,0,17,7,0,13,0,5,Gurugram - Sohna Block
2018,December,"Mohini, Ahuja",GGPS Badshahpur,19,14,120,7,3,12,12,22,2,14,15,7,9,19,2,8,0,7,4,Gurugram - Sohna Block
2018,January,"Simran, Sen",GGPS Badshahpur,25,16,48,10,3,15,17,65,15,12,6,11,6,16,11,12,18,2,3,Gurugram - Sohna Block
2018,February,"Simran, Sen",GGPS Badshahpur,15,7,102,9,10,8,14,73,12,2,1,1,9,17,20,12,8,10,5,Gurugram - Sohna Block
2020,March,"Simran, Sen",GPS Sohna,24,12,118,13,11,3,5,93,2,3,0,8,11,11,9,17,8,19,1,Gurugram - Sohna Block
2018,April,"Simran, Sen",GGPS Badshahpur,15,11,34,4,9,7,4,90,2,4,15,1,6,14,19,15,3,24,1,Gurugram - Sohna Block
2018,May,"Simran, Sen",GPS Nayagaon,23,12,75,11,20,6,19,77,4,8,1,14,15,7,23,11,21,3,5,Gurugram - Sohna Block
2021,June,"Simran, Sen",GGPS Sohna - 9,18,6,58,17,14,7,4,97,1,4,11,5,13,13,10,8,9,8,1,Gurugram - Sohna Block
2020,July,"Simran, Sen",GPS Palra,15,6,62,3,19,13,2,78,2,12,6,1,1,8,23,3,21,13,3,Gurugram - Sohna Block
2021,August,"Simran, Sen",GGPS Badshahpur,21,12,92,16,12,2,16,62,10,3,4,11,4,20,14,19,2,21,5,Gurugram - Sohna Block
2021,September,"Simran, Sen",GGPS Badshahpur,18,18,98,15,2,2,19,66,3,7,15,4,1,10,20,17,16,12,5,Gurugram - Sohna Block
2019,October,"Simran, Sen",GGPS Badshahpur,19,16,75,11,13,16,8,77,10,7,3,9,8,17,18,12,5,1,5,Gurugram - Sohna Block
2020,November,"Simran, Sen",GPS Sohna,21,11,39,8,3,14,6,35,15,7,12,13,3,6,21,22,15,20,1,Gurugram - Sohna Block
2018,December,"Simran, Sen",GGPS Badshahpur,24,21,116,11,19,2,7,54,6,5,2,8,5,22,21,4,6,14,4,Gurugram - Sohna Block
2021,January,"Ishika, Kaur",GPS Nayagaon,17,11,104,10,10,17,13,23,2,3,4,9,1,24,12,12,2,18,1,Gurugram - Sohna Block
2018,February,"Ishika, Kaur",GGPS Sohna - 10,25,16,80,17,7,11,19,49,7,4,15,14,7,20,25,25,1,7,1,Gurugram - Sohna Block
2020,March,"Ishika, Kaur",GPS Palra,20,11,42,8,6,9,15,71,1,7,8,9,14,9,23,22,21,15,2,Gurugram - Sohna Block
2019,April,"Ishika, Kaur",GGPS Badshahpur,25,8,39,8,13,18,2,84,9,8,2,8,11,4,25,25,2,18,1,Gurugram - Sohna Block
2019,May,"Ishika, Kaur",GGPS Badshahpur,22,12,82,3,11,6,20,88,2,1,15,11,2,10,9,15,25,11,5,Gurugram - Sohna Block
2018,June,"Ishika, Kaur",GPS Palra,18,8,59,10,15,9,14,84,8,2,5,9,11,11,7,21,4,2,1,Gurugram - Sohna Block
2020,July,"Ishika, Kaur",GGPS Badshahpur,22,19,125,12,9,4,7,52,4,5,13,6,13,6,0,7,18,1,1,Gurugram - Sohna Block
2021,August,"Ishika, Kaur",GGPS Badshahpur,15,9,41,16,16,5,18,86,3,1,14,0,3,9,16,11,3,16,5,Gurugram - Sohna Block
2018,September,"Ishika, Kaur",GGPS Badshahpur,17,9,66,9,9,11,18,28,1,9,2,11,14,21,5,24,11,19,4,Gurugram - Sohna Block
2019,October,"Ishika, Kaur",GPS Sohna,17,14,32,4,14,2,11,22,14,8,6,9,7,3,4,10,2,17,2,Gurugram - Sohna Block
2021,November,"Ishika, Kaur",GGPS Badshahpur,25,22,120,5,5,15,14,78,8,3,13,10,11,11,18,14,3,7,1,Gurugram - Sohna Block
2020,December,"Ishika, Kaur",GPS Nayagaon,15,13,37,20,12,11,11,31,10,11,14,3,6,8,1,2,4,1,5,Gurugram - Sohna Block
2019,January,"Jeenal, Kapoor",GGPS Sohna - 4,23,14,64,8,5,20,13,53,13,6,9,3,10,3,18,8,24,1,1,Gurugram - Sohna Block
2020,February,"Jeenal, Kapoor",GPS Palra,16,10,94,10,15,4,13,65,9,10,9,4,5,3,3,6,1,10,4,Gurugram - Sohna Block
2019,March,"Jeenal, Kapoor",GGPS Badshahpur,15,8,56,10,4,17,20,84,11,15,4,5,14,4,2,2,16,11,1,Gurugram - Sohna Block
2020,April,"Jeenal, Kapoor",GGPS Badshahpur,19,17,36,12,14,13,20,100,11,5,13,11,3,1,21,1,11,11,3,Gurugram - Sohna Block
2019,May,"Jeenal, Kapoor",GGPS Badshahpur,22,20,78,10,4,14,11,46,10,0,11,4,12,20,1,5,21,23,5,Gurugram - Sohna Block
2019,June,"Jeenal, Kapoor",GPS Sohna,20,20,108,10,8,13,10,79,2,7,0,1,15,13,3,14,21,5,5,Gurugram - Sohna Block
2021,July,"Jeenal, Kapoor",GGPS Badshahpur,24,20,34,9,19,4,16,69,5,1,10,11,6,22,0,21,1,23,4,Gurugram - Sohna Block
2020,August,"Jeenal, Kapoor",GPS Nayagaon,21,20,110,19,8,20,7,91,7,12,1,13,15,11,7,1,1,0,4,Gurugram - Sohna Block
2020,September,"Jeenal, Kapoor",GGPS Sohna - 5,18,7,43,17,12,3,9,69,6,15,9,15,8,9,5,21,18,4,5,Gurugram - Sohna Block
2018,October,"Jeenal, Kapoor",GPS Palra,16,5,102,12,11,19,7,53,5,14,13,13,14,23,7,25,10,19,1,Gurugram - Sohna Block
2018,November,"Jeenal, Kapoor",GGPS Badshahpur,25,25,128,17,8,3,15,39,10,8,11,15,13,6,21,17,9,21,3,Gurugram - Sohna Block
2020,December,"Jeenal, Kapoor",GGPS Badshahpur,24,21,36,2,9,4,15,96,14,14,8,5,13,9,6,23,1,24,4,Gurugram - Sohna Block
2019,January,"Amisha, Rajput",GGPS Badshahpur,25,22,70,14,13,2,12,35,3,12,14,13,14,12,16,5,22,17,1,Gurugram - Sohna Block
2020,February,"Amisha, Rajput",GPS Sohna,18,6,79,3,3,12,10,71,15,8,8,14,9,19,21,12,20,5,4,Gurugram - Sohna Block
2021,March,"Amisha, Rajput",GGPS Badshahpur,24,23,89,12,16,8,3,31,14,9,3,15,6,2,15,7,13,20,4,Gurugram - Sohna Block
2018,April,"Amisha, Rajput",GPS Nayagaon,18,10,120,13,19,13,8,37,2,1,8,13,3,15,9,11,4,14,3,Gurugram - Sohna Block
2019,May,"Amisha, Rajput",GGPS Sohna - 6,21,16,122,7,20,3,19,82,1,6,9,3,10,11,14,14,4,3,2,Gurugram - Sohna Block
2018,June,"Amisha, Rajput",GPS Palra,20,5,104,15,2,9,19,86,4,14,2,14,2,23,24,7,8,1,5,Gurugram - Sohna Block
2020,July,"Amisha, Rajput",GGPS Badshahpur,25,8,96,4,11,11,18,63,0,10,15,10,11,3,12,23,23,23,3,Gurugram - Sohna Block
2021,August,"Amisha, Rajput",GGPS Badshahpur,24,23,128,20,19,2,15,27,9,2,15,4,11,16,25,8,2,10,5,Gurugram - Sohna Block
2019,September,"Amisha, Rajput",GGPS Badshahpur,24,21,55,10,7,6,17,37,6,4,5,6,6,11,9,13,13,5,1,Gurugram - Sohna Block
2020,October,"Amisha, Rajput",GPS Sohna,19,8,34,3,12,4,9,35,10,8,0,10,2,12,2,0,24,2,4,Gurugram - Sohna Block
2019,November,"Amisha, Rajput",GGPS Badshahpur,18,7,70,18,20,14,5,57,9,7,6,3,8,14,19,5,20,25,3,Gurugram - Sohna Block
2018,December,"Amisha, Rajput",GPS Nayagaon,21,9,58,19,6,9,19,72,8,3,3,15,0,10,15,23,2,17,3,Gurugram - Sohna Block
2021,January,"Priyanka, Na",GGPS Sohna - 7,18,9,87,12,17,6,2,62,0,5,12,10,10,13,15,16,16,15,2,Gurugram - Sohna Block
2021,February,"Priyanka, Na",GPS Palra,23,20,25,3,8,20,4,57,15,12,1,13,0,7,3,18,17,1,3,Gurugram - Sohna Block
2021,March,"Priyanka, Na",GGPS Badshahpur,21,11,120,11,5,20,12,76,2,2,9,12,4,9,6,10,6,22,4,Gurugram - Sohna Block
2020,April,"Priyanka, Na",GGPS Badshahpur,21,18,33,19,7,13,6,31,7,6,14,1,3,6,2,23,19,1,4,Gurugram - Sohna Block
2021,May,"Priyanka, Na",GGPS Badshahpur,21,16,117,11,18,9,18,55,3,3,1,3,2,25,9,18,0,14,2,Gurugram - Sohna Block
2019,June,"Priyanka, Na",GPS Sohna,20,12,120,14,16,12,6,79,8,2,10,3,1,13,20,15,10,16,5,Gurugram - Sohna Block
2020,July,"Priyanka, Na",GGPS Badshahpur,17,12,48,2,16,20,11,92,6,8,12,14,5,12,4,10,23,22,1,Gurugram - Sohna Block
2019,August,"Priyanka, Na",GPS Nayagaon,22,14,43,3,16,17,10,24,6,8,4,7,14,3,17,13,8,10,3,Gurugram - Sohna Block
2018,September,"Priyanka, Na",GGPS Sohna - 8,22,16,120,14,3,14,19,95,7,6,0,15,1,14,18,24,3,12,5,Gurugram - Sohna Block
2018,October,"Priyanka, Na",GPS Palra,25,12,66,3,12,20,6,48,5,8,3,12,8,24,0,2,19,15,3,Gurugram - Sohna Block
2019,November,"Priyanka, Na",GGPS Badshahpur,20,15,70,7,18,14,17,28,5,14,7,11,5,21,18,3,12,7,1,Gurugram - Sohna Block
2018,December,"Priyanka, Na",GGPS Badshahpur,21,12,62,3,12,12,17,53,11,8,9,4,11,19,15,19,12,14,1,Gurugram - Sohna Block
2018,January,"Pooja, Rani",GGPS Badshahpur,16,9,68,15,14,12,15,55,11,12,3,11,8,24,5,15,6,24,3,Gurugram - Sohna Block
2018,February,"Pooja, Rani",GPS Sohna,22,8,72,5,14,11,17,81,2,8,15,2,10,0,16,19,10,12,5,Gurugram - Sohna Block
2020,March,"Pooja, Rani",GGPS Badshahpur,16,14,91,3,2,14,5,69,13,4,3,2,4,14,7,15,9,13,1,Gurugram - Sohna Block
2019,April,"Pooja, Rani",GPS Nayagaon,22,16,82,14,18,18,19,37,7,5,6,5,4,25,1,22,24,10,4,Gurugram - Sohna Block
2021,May,"Pooja, Rani",GGPS Sohna - 9,20,20,52,16,11,16,19,65,6,12,15,8,6,10,22,18,14,2,5,Gurugram - Sohna Block
2020,June,"Pooja, Rani",GPS Palra,18,17,36,12,6,8,10,98,14,2,5,6,15,10,9,24,6,12,5,Gurugram - Sohna Block
2020,July,"Pooja, Rani",GGPS Badshahpur,15,10,73,19,3,10,13,98,14,6,8,7,13,4,19,2,19,11,5,Gurugram - Sohna Block
2019,August,"Pooja, Rani",GGPS Badshahpur,21,7,49,20,15,20,10,30,3,2,13,15,12,18,7,5,18,9,3,Gurugram - Sohna Block
2021,September,"Pooja, Rani",GGPS Badshahpur,22,10,66,20,13,7,14,47,1,2,0,5,10,23,0,11,13,3,3,Gurugram - Sohna Block
2018,October,"Pooja, Rani",GPS Sohna,23,5,22,3,14,3,16,32,5,3,1,15,3,7,21,6,22,13,3,Gurugram - Sohna Block
2018,November,"Pooja, Rani",GGPS Badshahpur,16,16,32,6,5,8,5,57,6,5,0,12,5,2,0,6,10,0,4,Gurugram - Sohna Block
2019,December,"Pooja, Rani",GPS Nayagaon,21,13,82,4,14,6,11,57,1,13,10,6,11,6,15,6,13,14,2,Gurugram - Sohna Block
2018,January,"Kavita, Kumari",GGPS Sohna - 10,17,9,30,12,17,19,9,23,15,0,11,1,7,13,5,6,13,3,3,Gurugram - Sohna Block
2018,February,"Kavita, Kumari",GPS Palra,19,17,27,20,13,17,11,94,0,0,12,7,4,1,25,7,17,0,5,Gurugram - Sohna Block
2021,March,"Kavita, Kumari",GGPS Badshahpur,22,5,44,16,8,6,11,72,8,14,4,12,7,1,16,10,10,17,2,Gurugram - Sohna Block
2018,April,"Kavita, Kumari",GGPS Badshahpur,18,7,98,18,2,20,8,77,5,6,14,4,15,25,18,25,10,17,2,Gurugram - Sohna Block
2021,May,"Kavita, Kumari",GGPS Badshahpur,18,7,114,14,3,16,14,48,14,10,11,8,6,9,14,8,13,23,3,Gurugram - Sohna Block
2018,June,"Kavita, Kumari",GPS Sohna,15,11,119,9,20,12,4,25,10,5,11,13,10,23,1,9,17,11,2,Gurugram - Sohna Block
2021,July,"Kavita, Kumari",GGPS Badshahpur,25,18,25,2,14,10,9,94,15,11,8,1,2,4,9,9,6,3,3,Gurugram - Sohna Block
2020,August,"Kavita, Kumari",GPS Nayagaon,15,14,78,2,19,9,8,87,7,9,7,13,3,11,14,1,14,18,1,Gurugram - Sohna Block
2020,September,"Kavita, Kumari",GGPS Sohna - 11,18,12,66,8,6,14,15,91,2,14,2,4,2,8,19,21,21,19,2,Gurugram - Sohna Block
2020,October,"Kavita, Kumari",GPS Palra,20,14,80,15,14,14,11,73,7,4,0,13,1,20,3,2,11,12,3,Gurugram - Sohna Block
2019,November,"Kavita, Kumari",GGPS Badshahpur,17,13,45,20,11,19,18,65,7,12,0,14,3,3,6,9,2,5,5,Gurugram - Sohna Block
2021,December,"Kavita, Kumari",GGPS Badshahpur,20,6,24,4,9,6,9,38,4,13,0,15,12,13,23,11,21,7,4,Gurugram - Sohna Block
2019,January,"Sapna, Sapna",GPS Palra,15,11,116,19,6,2,4,88,0,5,0,6,2,23,1,8,11,12,2,Gurugram - Sohna Block
2019,February,"Sapna, Sapna",GGPS Badshahpur,24,9,52,18,12,16,13,89,13,6,10,11,11,6,5,24,0,24,3,Gurugram - Sohna Block
2018,March,"Sapna, Sapna",GGPS Badshahpur,25,5,96,5,8,13,8,89,13,8,14,8,3,7,10,25,2,10,4,Gurugram - Sohna Block
2018,April,"Sapna, Sapna",GGPS Badshahpur,15,8,31,17,10,11,6,70,7,13,5,7,2,4,12,2,7,8,5,Gurugram - Sohna Block
2018,May,"Sapna, Sapna",GPS Sohna,19,14,64,8,20,11,2,54,2,7,5,13,13,18,4,0,18,9,5,Gurugram - Sohna Block
2020,June,"Sapna, Sapna",GGPS Badshahpur,20,13,80,8,18,13,10,47,11,4,7,15,6,18,18,19,5,10,5,Gurugram - Sohna Block
2018,July,"Sapna, Sapna",GPS Nayagaon,17,8,26,19,14,2,14,92,9,3,8,13,7,22,8,19,6,23,4,Gurugram - Sohna Block
2021,August,"Sapna, Sapna",GGPS Sohna - 5,18,5,57,7,12,17,16,73,15,6,4,1,7,14,13,19,5,13,5,Gurugram - Sohna Block
2020,September,"Sapna, Sapna",GPS Palra,22,19,113,5,2,14,9,96,0,0,2,7,14,11,3,12,8,12,3,Gurugram - Sohna Block
2019,October,"Sapna, Sapna",GGPS Badshahpur,18,11,66,10,13,9,2,74,0,11,1,11,3,15,8,14,15,4,3,Gurugram - Sohna Block
2018,November,"Sapna, Sapna",GGPS Badshahpur,21,10,32,12,10,10,18,52,9,9,0,11,5,8,3,5,12,25,4,Gurugram - Sohna Block
2020,December,"Sapna, Sapna",GGPS Badshahpur,22,16,90,17,5,16,13,61,9,12,5,12,6,8,5,19,5,10,4,Gurugram - Sohna Block
2021,January,"Priyanka, Azad",GPS Sohna,18,17,67,17,5,15,4,61,12,5,0,10,12,5,0,1,9,20,5,Gurugram - Sohna Block
2019,February,"Priyanka, Azad",GGPS Badshahpur,19,9,121,7,7,9,9,78,9,11,1,7,15,10,8,17,3,20,3,Gurugram - Sohna Block
2021,March,"Priyanka, Azad",GPS Nayagaon,17,12,92,19,16,10,8,42,9,14,11,1,8,9,25,11,6,15,1,Gurugram - Sohna Block
2018,April,"Priyanka, Azad",GGPS Sohna - 6,24,10,75,17,2,11,12,50,11,10,11,15,3,17,9,17,20,6,4,Gurugram - Sohna Block
2021,May,"Priyanka, Azad",GPS Palra,20,6,126,13,12,9,4,23,13,3,3,5,6,13,6,23,6,24,3,Gurugram - Sohna Block
2019,June,"Priyanka, Azad",GGPS Badshahpur,22,22,64,7,9,10,11,49,2,5,7,12,4,6,22,5,7,1,3,Gurugram - Sohna Block
2020,July,"Priyanka, Azad",GGPS Badshahpur,25,14,88,4,18,4,19,50,14,13,2,5,1,7,7,6,15,22,5,Gurugram - Sohna Block
2019,August,"Priyanka, Azad",GGPS Badshahpur,19,12,57,14,16,2,11,57,10,6,0,13,4,15,22,19,10,4,3,Gurugram - Sohna Block
2020,September,"Priyanka, Azad",GPS Sohna,17,5,51,9,5,17,18,93,1,15,13,2,12,13,3,20,19,9,1,Gurugram - Sohna Block
2020,October,"Priyanka, Azad",GGPS Badshahpur,18,8,86,8,13,12,3,95,12,5,5,1,0,24,0,7,13,21,3,Gurugram - Sohna Block
2021,November,"Priyanka, Azad",GPS Nayagaon,18,17,118,13,17,17,20,29,13,13,2,3,7,5,12,25,12,10,3,Gurugram - Sohna Block
2019,December,"Priyanka, Azad",GGPS Sohna - 7,24,7,102,6,8,4,14,37,6,7,7,1,15,2,23,8,2,13,4,Gurugram - Sohna Block
2018,January,"Kirti, Devi",GPS Palra,25,23,41,15,13,4,12,29,7,10,6,7,8,7,2,8,17,16,3,Gurugram - Sohna Block
2019,February,"Kirti, Devi",GGPS Badshahpur,25,19,102,19,14,10,7,87,10,13,9,6,9,25,10,20,22,1,3,Gurugram - Sohna Block
2021,March,"Kirti, Devi",GGPS Badshahpur,19,10,32,19,17,14,11,96,7,15,0,15,14,5,9,9,7,9,1,Gurugram - Sohna Block
2018,April,"Kirti, Devi",GGPS Badshahpur,16,5,27,17,19,12,9,31,0,8,2,15,15,7,5,11,7,16,5,Gurugram - Sohna Block
2020,May,"Kirti, Devi",GPS Sohna,23,16,52,18,13,7,14,70,5,6,10,0,0,10,11,10,5,15,3,Gurugram - Sohna Block
2018,June,"Kirti, Devi",GGPS Badshahpur,20,13,86,20,2,8,19,34,1,7,2,11,15,20,20,17,12,3,2,Gurugram - Sohna Block
2020,July,"Kirti, Devi",GPS Nayagaon,15,12,21,10,5,19,7,43,8,0,8,15,6,19,23,2,20,13,5,Gurugram - Sohna Block
2020,August,"Kirti, Devi",GGPS Sohna - 8,23,6,52,12,4,18,13,91,6,8,11,10,14,8,15,14,1,7,4,Gurugram - Sohna Block
2020,September,"Kirti, Devi",GPS Palra,16,9,21,9,18,12,17,39,0,5,6,6,6,7,5,17,14,4,1,Gurugram - Sohna Block
2021,October,"Kirti, Devi",GGPS Badshahpur,24,7,43,14,20,18,7,23,15,12,7,5,1,20,17,18,3,17,3,Gurugram - Sohna Block
2019,November,"Kirti, Devi",GGPS Badshahpur,19,16,56,18,16,2,3,54,1,11,2,4,6,8,7,1,14,11,5,Gurugram - Sohna Block
2020,December,"Kirti, Devi",GGPS Badshahpur,20,15,78,7,8,4,6,71,9,5,7,3,0,7,2,12,13,2,1,Gurugram - Sohna Block
2021,January,"Amrita, Yadav",GPS Sohna,16,11,130,6,9,11,11,20,12,15,11,4,7,23,2,2,5,23,4,Gurugram - Sohna Block
2019,February,"Amrita, Yadav",GGPS Badshahpur,17,9,83,18,18,12,9,97,2,4,13,12,11,20,18,14,14,5,2,Gurugram - Sohna Block
2019,March,"Amrita, Yadav",GPS Nayagaon,16,5,120,20,6,20,10,47,11,2,6,1,10,10,11,23,1,22,2,Gurugram - Sohna Block
2019,April,"Amrita, Yadav",GGPS Sohna - 9,21,8,72,20,7,18,5,83,4,2,6,11,10,10,12,9,17,11,4,Gurugram - Sohna Block
2018,May,"Amrita, Yadav",GPS Palra,18,17,62,2,8,8,20,93,1,1,11,11,9,8,10,15,14,25,5,Gurugram - Sohna Block
2018,June,"Amrita, Yadav",GGPS Badshahpur,18,17,61,9,2,7,20,46,1,13,8,8,12,5,19,11,13,15,5,Gurugram - Sohna Block
2021,July,"Amrita, Yadav",GGPS Badshahpur,23,18,128,11,6,4,8,56,10,3,14,11,6,12,11,25,21,17,1,Gurugram - Sohna Block
2020,August,"Amrita, Yadav",GGPS Badshahpur,17,11,55,18,16,20,6,67,4,4,11,0,14,23,24,12,9,19,5,Gurugram - Sohna Block
2019,September,"Amrita, Yadav",GPS Sohna,20,19,120,11,8,6,18,77,11,9,13,10,2,3,3,2,2,13,3,Gurugram - Sohna Block
2019,October,"Amrita, Yadav",GGPS Badshahpur,17,8,95,5,13,17,14,49,5,10,1,15,9,16,8,12,13,6,3,Gurugram - Sohna Block
2021,November,"Amrita, Yadav",GPS Nayagaon,22,14,69,13,15,7,16,66,10,5,2,6,14,4,16,15,7,23,1,Gurugram - Sohna Block
2019,December,"Amrita, Yadav",GGPS Sohna - 10,18,9,91,20,16,17,2,41,2,4,13,1,14,3,13,13,21,21,2,Gurugram - Sohna Block
2021,January,"Neetu, Gautam",GPS Palra,16,16,106,9,17,19,5,40,7,4,10,7,11,12,6,24,10,16,1,Gurugram - Sohna Block
2021,February,"Neetu, Gautam",GGPS Badshahpur,25,16,47,16,11,3,18,68,5,1,15,12,5,9,22,13,5,23,1,Gurugram - Sohna Block
2018,March,"Neetu, Gautam",GGPS Badshahpur,23,8,36,19,13,13,17,99,3,11,13,7,11,23,1,22,25,8,5,Gurugram - Sohna Block
2019,April,"Neetu, Gautam",GGPS Badshahpur,21,17,56,19,16,14,12,20,8,5,9,14,4,21,1,6,12,6,5,Gurugram - Sohna Block
2021,May,"Neetu, Gautam",GPS Sohna,24,11,50,15,16,3,2,47,9,1,8,9,11,7,7,6,2,1,4,Gurugram - Sohna Block
2021,June,"Neetu, Gautam",GGPS Badshahpur,24,8,122,12,9,2,13,47,12,4,0,9,1,4,10,13,6,14,5,Gurugram - Sohna Block
2019,July,"Neetu, Gautam",GPS Nayagaon,19,16,64,13,2,3,10,46,2,9,12,14,1,18,22,6,18,4,4,Gurugram - Sohna Block
2018,August,"Neetu, Gautam",GGPS Sohna - 11,22,14,61,11,18,20,19,97,10,13,5,14,11,21,13,12,10,8,1,Gurugram - Sohna Block
2018,September,"Neetu, Gautam",GPS Palra,18,12,52,12,20,3,12,94,12,3,9,5,9,12,9,22,0,21,2,Gurugram - Sohna Block
2021,October,"Neetu, Gautam",GGPS Badshahpur,22,8,92,5,13,9,9,80,2,11,3,8,3,5,4,6,19,20,2,Gurugram - Sohna Block
2018,November,"Neetu, Gautam",GGPS Badshahpur,24,5,95,19,20,12,2,85,7,2,12,6,11,6,4,4,24,24,4,Gurugram - Sohna Block
2019,December,"Neetu, Gautam",GGPS Badshahpur,25,6,27,4,19,8,14,63,9,6,7,14,14,3,17,0,3,3,4,Gurugram - Sohna Block
2021,January,"Shalu, Neelam",GPS Sohna,16,5,33,20,14,19,9,40,0,0,3,9,15,17,17,6,14,24,2,Gurugram - Sohna Block
2019,February,"Shalu, Neelam",GGPS Badshahpur,24,23,29,3,12,17,2,29,8,11,5,7,8,21,19,18,2,8,1,Gurugram - Sohna Block
2021,March,"Shalu, Neelam",GPS Nayagaon,18,9,89,8,9,17,8,68,11,12,10,7,8,10,6,10,18,0,4,Gurugram - Sohna Block
2018,April,"Shalu, Neelam",GGPS Sohna - 12,18,8,24,4,13,10,16,90,0,13,14,4,2,4,4,6,7,23,1,Gurugram - Sohna Block
2019,May,"Shalu, Neelam",GPS Palra,16,9,33,5,18,15,14,46,1,8,9,9,1,20,3,18,18,4,1,Gurugram - Sohna Block
2020,June,"Shalu, Neelam",GGPS Badshahpur,18,7,63,14,15,16,13,42,13,10,7,15,7,9,0,0,7,8,4,Gurugram - Sohna Block
2018,July,"Shalu, Neelam",GGPS Badshahpur,16,16,35,2,3,3,16,49,15,15,1,8,11,22,17,16,14,2,5,Gurugram - Sohna Block
2018,August,"Shalu, Neelam",GPS Palra,23,5,40,8,19,3,6,87,14,1,0,6,10,13,21,16,4,16,5,Gurugram - Sohna Block
2020,September,"Shalu, Neelam",GGPS Badshahpur,24,18,109,10,20,4,17,75,14,7,6,13,8,0,15,22,8,15,5,Gurugram - Sohna Block
2020,October,"Shalu, Neelam",GGPS Badshahpur,23,8,27,18,5,18,12,42,12,6,15,12,1,25,1,2,20,16,5,Gurugram - Sohna Block
2019,November,"Shalu, Neelam",GGPS Badshahpur,18,7,74,2,14,6,3,88,9,12,11,11,9,4,17,13,16,18,4,Gurugram - Sohna Block
2018,December,"Shalu, Neelam",GPS Sohna,25,12,100,10,5,11,3,30,13,0,4,2,13,9,8,22,20,6,4,Gurugram - Sohna Block
2020,January,"Shalu, Neelam",GGPS Badshahpur,19,9,120,12,18,16,16,79,0,9,2,3,14,6,15,5,23,10,4,Gurugram - Sohna Block
2020,February,"Shalu, Neelam",GPS Nayagaon,18,16,43,11,7,13,5,87,12,9,0,10,8,23,4,15,5,13,2,Gurugram - Sohna Block
2021,March,"Shalu, Neelam",GGPS Sohna - 6,15,10,98,8,8,9,3,51,4,14,13,2,12,15,23,6,7,1,3,Gurugram - Sohna Block
2021,April,"Shalu, Neelam",GPS Palra,19,12,36,15,20,20,13,41,15,5,12,7,12,25,6,22,10,9,3,Gurugram - Sohna Block
2021,May,"Shalu, Neelam",GGPS Badshahpur,24,14,120,18,9,5,17,52,5,15,10,1,0,17,9,23,14,20,1,Gurugram - Sohna Block
2021,June,"Shalu, Neelam",GGPS Badshahpur,21,18,42,6,18,9,12,99,9,0,9,7,5,19,13,1,18,12,2,Gurugram - Sohna Block
2018,July,"Shalu, Neelam",GGPS Badshahpur,24,7,102,10,11,14,7,49,11,10,13,8,13,8,1,11,12,14,2,Gurugram - Sohna Block
2018,August,"Shalu, Neelam",GPS Sohna,16,8,124,7,14,8,5,75,6,7,11,3,10,25,0,3,19,18,2,Gurugram - Sohna Block
2019,September,"Shalu, Neelam",GGPS Badshahpur,23,22,115,9,12,19,14,25,7,6,6,5,1,2,3,8,7,25,4,Gurugram - Sohna Block
2021,October,"Shalu, Neelam",GPS Nayagaon,24,24,46,9,8,4,2,53,15,2,1,2,1,24,22,15,15,14,3,Gurugram - Sohna Block
2021,November,"Shalu, Neelam",GGPS Sohna - 7,19,16,46,2,19,10,4,56,10,14,7,14,4,10,10,8,16,3,5,Gurugram - Sohna Block
2018,December,"Shalu, Neelam",GPS Palra,18,14,118,14,7,17,8,43,0,10,14,8,15,7,14,18,20,14,3,Gurugram - Sohna Block
2018,January,"Geeta, Sen",GGPS Badshahpur,23,12,43,18,12,9,4,46,0,14,4,8,12,11,0,24,22,12,3,Gurugram - Sohna Block
2021,February,"Geeta, Sen",GGPS Badshahpur,15,5,120,17,15,19,18,47,6,7,13,1,11,7,3,7,13,13,5,Gurugram - Sohna Block
2020,March,"Geeta, Sen",GGPS Badshahpur,24,15,61,18,9,16,10,85,8,12,4,5,12,11,6,7,19,12,4,Gurugram - Sohna Block
2019,April,"Geeta, Sen",GPS Sohna,23,21,101,14,15,12,13,62,2,2,10,10,3,17,22,15,19,21,4,Gurugram - Sohna Block
2019,May,"Geeta, Sen",GGPS Badshahpur,21,17,74,9,19,11,15,68,4,10,5,14,11,11,13,0,4,23,3,Gurugram - Sohna Block
2019,June,"Geeta, Sen",GPS Nayagaon,20,15,59,12,5,6,10,40,13,2,8,9,1,16,2,21,16,6,3,Gurugram - Sohna Block
2018,July,"Geeta, Sen",GGPS Sohna - 8,18,17,25,3,11,14,10,50,8,11,4,13,4,1,2,15,9,19,2,Gurugram - Sohna Block
2020,August,"Geeta, Sen",GPS Palra,16,8,118,20,15,18,5,20,3,12,14,6,15,22,12,14,9,16,2,Gurugram - Sohna Block
2021,September,"Geeta, Sen",GGPS Badshahpur,17,11,34,15,8,7,4,25,4,15,13,9,6,17,14,19,0,19,2,Gurugram - Sohna Block
2021,October,"Geeta, Sen",GGPS Badshahpur,25,21,82,18,18,2,15,31,6,9,13,7,1,10,21,15,17,24,3,Gurugram - Sohna Block
2020,November,"Geeta, Sen",GGPS Badshahpur,24,10,29,4,20,8,19,70,14,8,12,1,1,0,18,20,2,0,1,Gurugram - Sohna Block
2021,December,"Geeta, Sen",GPS Sohna,19,7,32,5,6,8,18,83,5,8,9,0,5,24,2,6,6,20,4,Gurugram - Sohna Block
2020,January,"Sonam, Rami",GGPS Badshahpur,24,7,69,5,9,7,9,99,0,9,10,12,5,25,3,17,17,25,3,Gurugram - Sohna Block
2018,February,"Sonam, Rami",GPS Nayagaon,22,13,87,17,12,3,14,72,9,15,6,11,0,24,8,25,11,13,4,Gurugram - Sohna Block
2019,March,"Sonam, Rami",GGPS Sohna - 9,15,14,56,13,3,2,15,40,12,14,2,0,8,5,12,10,8,19,2,Gurugram - Sohna Block
2019,April,"Sonam, Rami",GPS Palra,24,5,120,17,14,2,17,88,1,3,11,13,7,25,14,17,3,7,2,Gurugram - Sohna Block
2018,May,"Sonam, Rami",GGPS Badshahpur,17,14,105,18,16,11,3,25,4,11,12,1,2,13,17,20,21,3,3,Gurugram - Sohna Block
2020,June,"Sonam, Rami",GGPS Badshahpur,25,5,103,7,4,6,6,41,11,0,8,9,0,18,6,17,2,10,2,Gurugram - Sohna Block
2019,July,"Sonam, Rami",GGPS Badshahpur,19,13,69,14,12,15,4,65,10,9,8,8,15,18,25,19,7,7,1,Gurugram - Sohna Block
2018,August,"Sonam, Rami",GPS Sohna,20,6,111,2,15,16,19,40,7,9,8,10,15,18,7,12,12,25,4,Gurugram - Sohna Block
2019,September,"Sonam, Rami",GGPS Badshahpur,16,13,112,12,18,20,6,99,13,1,2,2,10,9,24,17,22,19,5,Gurugram - Sohna Block
2018,October,"Sonam, Rami",GPS Nayagaon,16,11,109,12,10,13,16,53,6,4,4,2,3,24,2,19,10,24,5,Gurugram - Sohna Block
2019,November,"Sonam, Rami",GGPS Sohna - 10,20,9,53,13,14,16,19,58,1,4,12,8,1,18,8,17,19,14,5,Gurugram - Sohna Block
2019,December,"Sonam, Rami",GPS Palra,15,8,75,2,13,19,4,53,1,9,7,4,0,16,14,13,12,11,4,Gurugram - Sohna Block
2021,January,"Hiral, Soni",GGPS Badshahpur,19,8,70,12,9,5,5,20,15,1,14,6,8,2,18,4,3,24,3,Gurugram - Sohna Block
2019,February,"Hiral, Soni",GGPS Badshahpur,15,12,23,7,15,17,7,54,8,9,9,5,3,13,0,22,0,3,1,Gurugram - Sohna Block
2018,March,"Hiral, Soni",GGPS Badshahpur,17,11,116,6,19,6,12,59,14,7,5,15,15,0,2,22,20,14,3,Gurugram - Sohna Block
2020,April,"Hiral, Soni",GPS Sohna,15,15,24,8,19,18,6,98,2,15,7,13,2,3,7,2,3,4,1,Gurugram - Sohna Block
2020,May,"Hiral, Soni",GGPS Badshahpur,18,15,115,20,6,15,14,36,14,12,14,7,2,5,23,3,0,2,3,Gurugram - Sohna Block
2021,June,"Hiral, Soni",GPS Nayagaon,20,16,94,15,13,15,8,57,15,14,9,1,15,16,3,11,3,18,4,Gurugram - Sohna Block
2018,July,"Hiral, Soni",GGPS Sohna - 11,25,15,70,9,15,8,17,100,5,3,6,9,8,10,5,8,5,3,1,Gurugram - Sohna Block
2018,August,"Hiral, Soni",GPS Palra,23,10,119,17,16,16,10,93,13,1,8,14,3,7,5,4,5,19,5,Gurugram - Sohna Block
2018,September,"Hiral, Soni",GGPS Badshahpur,22,6,85,11,18,18,6,62,4,4,10,15,2,18,12,20,15,18,2,Gurugram - Sohna Block
2021,October,"Hiral, Soni",GGPS Badshahpur,21,15,125,8,20,4,10,43,1,0,7,11,1,7,21,7,23,5,5,Gurugram - Sohna Block
2021,November,"Hiral, Soni",GGPS Badshahpur,20,5,121,11,13,9,14,25,7,1,8,0,13,19,3,18,6,19,4,Gurugram - Sohna Block
2021,December,"Hiral, Soni",GPS Sohna,25,12,54,3,14,4,7,81,11,6,15,13,14,3,3,0,19,18,1,Gurugram - Sohna Block
2021,January,"Kiran, Mohan",GGPS Badshahpur,20,16,123,14,2,7,16,58,1,15,14,15,4,23,8,25,10,23,2,Gurugram - Sohna Block
2018,February,"Kiran, Mohan",GPS Nayagaon,18,13,63,19,19,5,11,88,14,3,11,0,2,14,1,22,21,0,5,Gurugram - Sohna Block
2018,March,"Kiran, Mohan",GGPS Sohna - 12,24,11,58,15,2,10,12,73,1,9,7,1,14,1,20,17,12,10,5,Gurugram - Sohna Block
2018,April,"Kiran, Mohan",GPS Palra,22,6,120,19,19,3,12,67,8,1,14,13,8,1,4,1,20,8,1,Gurugram - Sohna Block
2021,May,"Kiran, Mohan",GGPS Badshahpur,17,13,120,10,2,4,16,54,10,1,0,13,4,7,21,19,1,19,3,Gurugram - Sohna Block
2020,June,"Kiran, Mohan",GGPS Badshahpur,16,7,24,6,7,3,7,98,13,15,10,13,14,11,10,10,22,10,4,Gurugram - Sohna Block
2018,July,"Kiran, Mohan",GGPS Badshahpur,22,14,98,20,9,10,10,37,7,12,15,10,7,2,13,10,23,20,4,Gurugram - Sohna Block
2018,August,"Kiran, Mohan",GPS Sohna,24,5,129,10,11,9,20,35,10,1,8,8,3,14,7,2,23,6,5,Gurugram - Sohna Block
2020,September,"Kiran, Mohan",GGPS Badshahpur,25,18,47,19,20,2,4,77,10,13,0,11,14,0,8,0,17,8,3,Gurugram - Sohna Block
2021,October,"Kiran, Mohan",GPS Nayagaon,20,7,53,3,12,17,15,51,6,2,11,5,4,25,3,18,15,8,2,Gurugram - Sohna Block
2019,November,"Kiran, Mohan",GGPS Sohna - 13,19,16,23,12,3,6,17,59,15,13,13,11,9,17,5,14,9,7,1,Gurugram - Sohna Block
2020,December,"Kiran, Mohan",GPS Palra,22,13,127,8,6,12,6,45,7,12,3,4,1,15,7,15,12,23,4,Gurugram - Sohna Block
2019,January,"Mohini, Ahuja",GGPS Badshahpur,17,15,95,9,11,19,8,27,3,1,3,1,11,20,22,11,22,9,5,Gurugram - Sohna Block
2019,February,"Mohini, Ahuja",GGPS Badshahpur,23,14,113,6,11,11,3,46,8,10,15,12,8,19,24,25,20,14,2,Gurugram - Sohna Block
2020,March,"Mohini, Ahuja",GPS Palra,22,14,53,3,5,2,5,43,15,12,2,7,7,24,0,12,23,15,1,Gurugram - Sohna Block
2019,April,"Mohini, Ahuja",GGPS Badshahpur,17,14,122,9,5,9,11,33,1,14,1,7,10,14,12,1,17,6,5,Gurugram - Sohna Block
2021,May,"Mohini, Ahuja",GGPS Badshahpur,17,7,100,3,10,20,19,61,1,12,10,13,6,5,4,8,20,25,3,Gurugram - Sohna Block
2020,June,"Mohini, Ahuja",GGPS Badshahpur,17,16,36,14,15,14,2,55,13,14,12,8,14,19,22,18,17,14,5,Gurugram - Sohna Block
2020,July,"Mohini, Ahuja",GPS Sohna,16,16,21,18,16,13,3,32,13,14,8,14,6,9,2,10,17,13,1,Gurugram - Sohna Block
2018,August,"Mohini, Ahuja",GGPS Badshahpur,17,17,77,2,17,10,3,30,2,3,1,7,15,12,17,16,24,8,1,Gurugram - Sohna Block
2018,September,"Mohini, Ahuja",GPS Nayagaon,23,20,74,12,15,10,6,58,0,7,11,6,14,2,12,10,13,16,1,Gurugram - Sohna Block
2018,October,"Mohini, Ahuja",GGPS Sohna - 7,24,22,61,11,16,14,2,98,15,9,7,14,6,11,14,3,18,25,1,Gurugram - Sohna Block
2021,November,"Mohini, Ahuja",GPS Palra,17,13,57,4,20,11,5,55,14,11,14,12,12,23,19,15,18,25,4,Gurugram - Sohna Block
2021,December,"Mohini, Ahuja",GGPS Badshahpur,16,16,32,10,4,2,16,23,12,7,12,1,12,5,1,17,3,21,2,Gurugram - Sohna Block
2018,January,"Simran, Sen",GGPS Badshahpur,18,5,109,8,2,11,3,75,9,9,0,2,14,16,5,11,5,18,5,Gurugram - Sohna Block
2019,February,"Simran, Sen",GGPS Badshahpur,23,17,27,4,19,8,19,67,14,3,11,12,5,17,3,19,0,13,1,Gurugram - Sohna Block
2018,March,"Simran, Sen",GPS Sohna,16,14,44,20,7,10,5,23,11,9,14,1,2,1,21,15,17,20,3,Gurugram - Sohna Block
2018,April,"Simran, Sen",GGPS Badshahpur,20,9,38,10,11,7,3,33,11,6,0,11,0,25,1,1,21,14,1,Gurugram - Sohna Block
2018,May,"Simran, Sen",GPS Nayagaon,22,11,59,14,9,6,8,34,11,8,9,0,10,24,24,23,11,1,4,Gurugram - Sohna Block
2020,June,"Simran, Sen",GGPS Sohna - 8,24,11,73,19,4,12,19,53,3,5,6,3,11,6,11,20,14,13,4,Gurugram - Sohna Block
2020,July,"Simran, Sen",GPS Palra,17,12,67,15,6,7,17,58,15,15,3,5,15,18,15,14,5,10,5,Gurugram - Sohna Block
2018,August,"Simran, Sen",GGPS Badshahpur,25,8,93,17,2,2,17,32,1,5,12,5,15,9,6,20,16,1,2,Gurugram - Sohna Block
2021,September,"Simran, Sen",GGPS Badshahpur,18,10,52,19,11,4,15,61,3,9,15,14,9,23,1,2,24,16,1,Gurugram - Sohna Block
2021,October,"Simran, Sen",GGPS Badshahpur,17,15,55,7,12,12,17,48,6,5,14,12,11,2,0,8,14,22,2,Gurugram - Sohna Block
2021,November,"Simran, Sen",GPS Sohna,25,20,67,6,2,18,17,62,11,0,6,11,11,6,20,21,23,8,1,Gurugram - Sohna Block
2021,December,"Simran, Sen",GGPS Badshahpur,19,5,80,19,2,2,6,84,11,10,1,10,11,1,16,4,15,2,3,Gurugram - Sohna Block
2020,January,"Ishika, Kaur",GPS Nayagaon,23,14,84,13,8,3,9,43,5,4,3,9,9,15,6,18,0,6,4,Gurugram - Sohna Block
2018,February,"Ishika, Kaur",GGPS Sohna - 9,19,6,128,19,4,3,3,28,14,13,2,4,9,4,24,24,22,3,5,Gurugram - Sohna Block
2018,March,"Ishika, Kaur",GPS Palra,24,13,127,7,18,12,11,56,7,14,15,11,12,22,8,4,11,10,5,Gurugram - Sohna Block
2020,April,"Ishika, Kaur",GGPS Badshahpur,15,6,38,8,9,11,7,22,7,2,5,2,9,9,12,25,13,19,1,Gurugram - Sohna Block
2021,May,"Ishika, Kaur",GGPS Badshahpur,22,6,74,7,9,9,9,60,3,4,4,5,2,5,16,3,2,19,5,Gurugram - Sohna Block
2021,June,"Ishika, Kaur",GGPS Badshahpur,20,11,59,20,16,11,17,28,2,5,2,3,14,6,23,24,1,10,1,Gurugram - Sohna Block
2019,July,"Ishika, Kaur",GPS Sohna,16,13,43,6,7,19,17,70,12,1,10,13,11,3,18,22,15,4,4,Gurugram - Sohna Block
2021,August,"Ishika, Kaur",GGPS Badshahpur,24,7,94,16,8,8,2,51,10,9,10,5,15,9,19,11,6,24,3,Gurugram - Sohna Block
2018,September,"Ishika, Kaur",GPS Nayagaon,20,15,79,16,11,15,18,30,9,4,15,4,7,12,17,8,10,21,2,Gurugram - Sohna Block
2021,October,"Ishika, Kaur",GGPS Sohna - 10,23,9,91,16,7,5,7,35,0,6,2,5,4,20,1,5,1,20,4,Gurugram - Sohna Block
2020,November,"Ishika, Kaur",GPS Palra,24,17,59,13,12,2,13,66,2,9,3,9,2,19,1,2,10,25,5,Gurugram - Sohna Block
2019,December,"Ishika, Kaur",GGPS Badshahpur,15,8,73,13,14,8,3,77,10,2,13,11,0,12,25,8,24,5,1,Gurugram - Sohna Block
2019,January,"Jeenal, Kapoor",GGPS Badshahpur,25,21,33,11,4,13,5,85,8,5,14,3,14,3,18,9,7,25,4,Gurugram - Sohna Block
2019,February,"Jeenal, Kapoor",GGPS Badshahpur,15,9,104,6,6,2,20,84,10,6,0,13,5,13,13,16,9,24,5,Gurugram - Sohna Block
2018,March,"Jeenal, Kapoor",GPS Sohna,24,10,54,13,4,13,15,98,11,3,9,3,11,10,24,17,4,16,4,Gurugram - Sohna Block
2018,April,"Jeenal, Kapoor",GGPS Badshahpur,16,13,44,3,4,17,5,38,8,11,3,15,9,2,24,10,12,24,3,Gurugram - Sohna Block
2020,May,"Jeenal, Kapoor",GPS Nayagaon,22,5,47,13,19,7,13,98,5,1,4,8,11,25,23,3,22,18,4,Gurugram - Sohna Block
2019,June,"Jeenal, Kapoor",GGPS Sohna - 11,16,7,52,6,2,11,16,28,14,9,11,15,12,22,0,18,23,18,2,Gurugram - Sohna Block
2018,July,"Jeenal, Kapoor",GPS Palra,19,15,117,20,17,20,5,26,1,5,8,6,14,8,21,18,15,20,3,Gurugram - Sohna Block
2019,August,"Jeenal, Kapoor",GGPS Badshahpur,18,7,57,8,4,13,10,100,0,6,12,12,11,9,24,14,8,14,4,Gurugram - Sohna Block
2020,September,"Jeenal, Kapoor",GGPS Badshahpur,22,10,121,19,15,18,17,79,6,1,12,14,2,3,21,15,5,1,5,Gurugram - Sohna Block
2021,October,"Jeenal, Kapoor",GGPS Badshahpur,25,19,40,2,11,15,7,46,0,13,1,3,3,6,7,15,16,4,5,Gurugram - Sohna Block
2019,November,"Jeenal, Kapoor",GPS Sohna,17,12,111,9,8,16,6,73,4,1,9,12,0,18,19,7,8,10,3,Gurugram - Sohna Block
2021,December,"Jeenal, Kapoor",GGPS Badshahpur,18,15,40,9,17,15,7,74,12,4,1,4,9,21,23,24,17,5,5,Gurugram - Sohna Block
2018,January,"Simran, Sen",GPS Nayagaon,16,7,66,8,12,6,4,51,12,10,5,10,11,25,14,17,18,9,4,Gurugram - Sohna Block
2019,February,"Simran, Sen",GGPS Sohna - 12,19,10,90,13,18,13,18,73,7,9,7,0,0,9,19,11,10,9,4,Gurugram - Sohna Block
2020,March,"Simran, Sen",GPS Palra,19,11,97,8,11,12,2,65,15,1,3,8,5,8,7,2,11,0,2,Gurugram - Sohna Block
2020,April,"Simran, Sen",GGPS Badshahpur,22,15,64,20,14,18,9,49,7,6,2,10,0,21,17,12,17,13,5,Gurugram - Sohna Block
2021,May,"Simran, Sen",GGPS Badshahpur,19,14,106,15,3,19,2,92,15,7,8,9,15,3,20,1,23,19,3,Gurugram - Sohna Block
2020,June,"Simran, Sen",GGPS Badshahpur,21,10,48,11,9,7,6,52,11,8,9,14,5,8,24,15,13,9,2,Gurugram - Sohna Block
2018,July,"Ishika, Kaur",GPS Sohna,21,19,123,13,10,11,6,76,3,2,14,0,0,11,14,19,18,12,5,Gurugram - Sohna Block
2020,August,"Ishika, Kaur",GGPS Badshahpur,25,20,80,6,18,19,5,36,8,15,13,1,14,6,1,4,22,7,2,Gurugram - Sohna Block
2018,September,"Ishika, Kaur",GPS Nayagaon,17,6,62,14,3,10,19,100,15,8,0,3,9,1,14,5,18,0,5,Gurugram - Sohna Block
2018,October,"Ishika, Kaur",GGPS Sohna - 13,25,7,89,4,4,19,11,90,11,1,4,4,15,22,17,21,4,1,3,Gurugram - Sohna Block
2021,November,"Ishika, Kaur",GPS Palra,18,12,93,15,10,14,11,57,12,2,9,1,15,23,4,14,15,8,3,Gurugram - Sohna Block
2021,December,"Ishika, Kaur",GGPS Badshahpur,16,5,93,16,2,7,14,37,0,8,6,15,7,4,22,10,16,24,2,Gurugram - Sohna Block
2020,January,"Ishika, Kaur",GGPS Badshahpur,17,10,127,3,11,2,4,89,13,12,8,6,2,25,2,25,2,8,3,Gurugram - Sohna Block
2018,February,"Hiral, Soni",GGPS Badshahpur,22,14,38,15,3,10,17,49,1,13,2,6,1,17,8,16,17,23,4,Gurugram - Sohna Block
2020,March,"Hiral, Soni",GPS Sohna,18,15,113,8,13,3,9,95,14,13,6,5,13,22,24,17,7,5,5,Gurugram - Sohna Block
2018,April,"Hiral, Soni",GGPS Badshahpur,19,8,37,12,6,8,9,42,15,14,14,15,5,21,2,14,2,3,4,Gurugram - Sohna Block
2018,May,"Hiral, Soni",GPS Nayagaon,19,16,26,12,12,6,15,49,12,0,11,9,1,5,10,21,4,2,5,Gurugram - Sohna Block
2019,June,"Hiral, Soni",GGPS Sohna - 14,18,10,63,17,19,9,8,90,1,5,12,2,11,20,7,6,1,3,1,Gurugram - Sohna Block
2018,July,"Kiran, Mohan",GPS Palra,25,9,125,5,15,16,3,100,1,0,4,2,0,2,22,13,13,9,4,Gurugram - Sohna Block
2021,August,"Kiran, Mohan",GGPS Badshahpur,20,8,57,5,2,8,3,45,12,10,8,15,5,12,21,4,0,11,1,Gurugram - Sohna Block
2019,September,"Kiran, Mohan",GGPS Badshahpur,15,10,93,16,20,4,10,70,7,15,12,15,13,16,23,8,7,0,3,Gurugram - Sohna Block
2019,October,"Kiran, Mohan",GPS Palra,15,11,51,15,16,14,14,60,2,1,9,10,10,8,25,24,7,9,2,Gurugram - Sohna Block
2020,November,"Amisha, Rajput",GGPS Badshahpur,16,14,31,12,10,6,2,71,13,7,3,5,2,9,25,14,0,16,2,Gurugram - Sohna Block
2018,December,"Amisha, Rajput",GGPS Badshahpur,15,7,125,4,8,20,7,20,2,13,8,13,3,11,18,1,17,10,1,Gurugram - Sohna Block
2019,January,"Amisha, Rajput",GGPS Badshahpur,18,11,115,15,17,14,20,77,13,6,12,0,15,18,0,16,24,13,5,Gurugram - Sohna Block
2020,February,"Amisha, Rajput",GPS Sohna,18,13,29,2,17,9,12,81,8,6,3,3,14,19,8,14,21,6,5,Gurugram - Sohna Block
2018,March,"Amisha, Rajput",GGPS Badshahpur,15,6,97,3,8,10,16,64,4,9,12,15,0,20,2,6,12,13,1,Gurugram - Sohna Block
2021,April,"Priyanka, Na",GPS Nayagaon,22,8,79,9,9,14,18,83,4,11,10,11,8,3,2,22,2,10,3,Gurugram - Sohna Block
2021,May,"Priyanka, Na",GGPS Sohna - 8,17,11,109,8,15,18,18,97,13,7,14,14,2,11,21,10,6,15,2,Gurugram - Sohna Block
2019,June,"Priyanka, Na",GPS Palra,19,13,36,10,4,15,14,58,8,15,7,8,9,5,11,9,12,17,2,Gurugram - Sohna Block
2020,July,"Kavita, Kumari",GGPS Badshahpur,21,13,103,15,19,15,19,42,15,6,6,2,2,16,19,6,1,0,4,Gurugram - Sohna Block
2021,August,"Kavita, Kumari",GGPS Badshahpur,18,6,25,17,13,8,3,23,8,1,10,11,2,1,10,14,24,22,4,Gurugram - Sohna Block
2019,September,"Kavita, Kumari",GGPS Badshahpur,20,9,50,17,2,3,10,62,11,9,12,4,13,7,8,16,23,17,5,Gurugram - Sohna Block
2018,October,"Kavita, Kumari",GPS Sohna,18,14,51,2,11,8,3,97,12,3,4,10,7,2,18,24,11,13,1,Gurugram - Sohna Block
2018,November,"Kavita, Kumari",GGPS Badshahpur,24,19,42,6,7,10,17,51,14,11,11,0,6,10,9,0,11,20,5,Gurugram - Sohna Block
2018,December,"Sapna, Sapna",GPS Nayagaon,23,22,67,14,3,18,10,25,14,7,10,6,4,16,23,4,1,6,2,Gurugram - Sohna Block
2021,January,"Sapna, Sapna",GGPS Sohna - 9,18,14,48,5,18,17,20,72,11,7,5,5,13,15,24,7,23,8,5,Gurugram - Sohna Block
2019,February,"Sapna, Sapna",GPS Palra,20,19,88,11,15,6,15,25,11,1,15,1,2,8,2,5,4,20,3,Gurugram - Sohna Block
2020,March,"Sapna, Sapna",GGPS Badshahpur,22,21,96,8,16,8,4,23,8,5,15,0,8,16,9,8,24,19,2,Gurugram - Sohna Block
2020,April,"Sapna, Sapna",GGPS Badshahpur,22,11,72,15,2,11,12,44,11,4,13,13,3,21,20,20,2,7,1,Gurugram - Sohna Block
2020,May,"Sapna, Sapna",GGPS Badshahpur,17,14,58,5,5,16,13,35,3,9,14,0,6,23,3,14,14,16,2,Gurugram - Sohna Block
2018,June,"Sapna, Sapna",GPS Sohna,15,14,77,2,13,3,14,66,8,15,10,7,13,12,24,24,6,14,5,Gurugram - Sohna Block
2018,July,"Sapna, Sapna",GGPS Badshahpur,24,16,50,8,16,2,11,53,4,5,3,12,0,13,14,21,0,13,1,Gurugram - Sohna Block